<?xml version="1.0" encoding="UTF-8"?>
<!DOCTYPE suite SYSTEM "http://testng.org/testng-1.0.dtd">
<suite name="Suite" parallel="tests">
<parameter name="email_ID" value="asd@email.com"></parameter>
<parameter name="password" value="12345"></parameter>
  <test thread-count="3" name="chrometest">
  <parameter name="broswer" value="chrome"></parameter>
  <classes>
  <class name="learn_parameters.ParementersLearn"></class>
  </classes>
  </test> <!-- Test -->
  
   <test  thread-count="3" name="foxtest">
   <parameter name="broswer" value="firefox"></parameter>
  <classes>
  <class name="learn_parameters.ParementersLearn"></class>
  </classes>
  </test> <!-- Test -->
</suite> <!-- Suite -->
